﻿<?xml version="1.0" encoding="utf-8"?>
<TargetSystemConfig Crc="3710896545" Version="1.4">
  <TargetSystemType>HSafetyPLC</TargetSystemType>
  <TargetSystemSubType>EL2911</TargetSystemSubType>
  <IsExternalDevice>false</IsExternalDevice>
  <TargetSystemObjectId>50462738</TargetSystemObjectId>
  <TargetSystemObjectName>Term 18 (EL2911)</TargetSystemObjectName>
  <SoftwareVersion>01 (V01.01)     </SoftwareVersion>
  <SerialNumber>1739422</SerialNumber>
  <ProjectCRC>0</ProjectCRC>
  <MapProjectCRC>false</MapProjectCRC>
  <MapSerialNumber>false</MapSerialNumber>
  <VersionNumber>1</VersionNumber>
  <FSOEAddress>129</FSOEAddress>
  <DipSwitch>129</DipSwitch>
  <AmsNetID>5.22.33.124.2.1</AmsNetID>
  <AmsPort>1008</AmsPort>
  <ConnectionInfoDataConfigOld>false</ConnectionInfoDataConfigOld>
  <TakeOverSafetyAliasDeviceNamesInProcessImage>false</TakeOverSafetyAliasDeviceNamesInProcessImage>
  <TakeOverStandardAliasDeviceNamesInProcessImage>false</TakeOverStandardAliasDeviceNamesInProcessImage>
  <BackupRestore Needed="1" Activated="true" RestoreUserAdministration="false">
    <Id StoreProjectCrcInSlave="true" StoreSlaveProjectCrcInMaster="" StoreMasterProjectCrcInSlave="false" ReadProjectCrcFromMaster="false">4</Id>
  </BackupRestore>
</TargetSystemConfig>